Time,PosX,PosY,PosZ,VelX,VelY,VelZ
0,0,5,0,2.5,3.53553,-2.5
0.0291164,0.072791,5.09463,-0.072791,2.5,3.2499,-2.5
0.0303707,0.0759268,5.09869,-0.0759268,2.5,3.2376,-2.5
0.0390649,0.0976622,5.12609,-0.0976622,2.5,3.15231,-2.5
0.0498285,0.124571,5.15889,-0.124571,2.5,3.04672,-2.5
0.0563214,0.140803,5.17826,-0.140803,2.5,2.98302,-2.5
0.0665615,0.166404,5.20777,-0.166404,2.5,2.88257,-2.5
0.0719631,0.179908,5.22306,-0.179908,2.5,2.82958,-2.5
0.0832024,0.208006,5.25362,-0.208006,2.5,2.71932,-2.5
0.088573,0.221432,5.26794,-0.221432,2.5,2.66663,-2.5
0.0998955,0.249739,5.29688,-0.249739,2.5,2.55556,-2.5
0.106039,0.265098,5.31221,-0.265098,2.5,2.49529,-2.5
0.118268,0.29567,5.34125,-0.29567,2.5,2.37532,-2.5
0.122687,0.306718,5.35156,-0.306718,2.5,2.33197,-2.5
0.133207,0.333017,5.37501,-0.333017,2.5,2.22877,-2.5
0.138657,0.346643,5.38686,-0.346643,2.5,2.17531,-2.5
0.151157,0.377892,5.41252,-0.377892,2.5,2.05269,-2.5
0.155704,0.389261,5.42165,-0.389261,2.5,2.00807,-2.5
0.166667,0.416669,5.44249,-0.416669,2.5,1.90053,-2.5
0.17271,0.431775,5.45361,-0.431775,2.5,1.84125,-2.5
0.183381,0.458453,5.47214,-0.458453,2.5,1.73657,-2.5
0.189418,0.473544,5.48227,-0.473544,2.5,1.67735,-2.5
0.200126,0.500314,5.49911,-0.500314,2.5,1.5723,-2.5
0.206323,0.515807,5.50847,-0.515807,2.5,1.51151,-2.5
0.216788,0.541969,5.52322,-0.541969,2.5,1.40885,-2.5
0.223073,0.557682,5.53168,-0.557682,2.5,1.34719,-2.5
0.233513,0.583783,5.54468,-0.583783,2.5,1.24477,-2.5
0.239535,0.598838,5.55182,-0.598838,2.5,1.18569,-2.5
0.249974,0.624935,5.56313,-0.624935,2.5,1.08329,-2.5
0.255979,0.639948,5.56928,-0.639948,2.5,1.02438,-2.5
0.266813,0.667033,5.57923,-0.667033,2.5,0.918095,-2.5
0.273012,0.682529,5.58454,-0.682529,2.5,0.857289,-2.5
0.283448,0.70862,5.59242,-0.70862,2.5,0.754909,-2.5
0.290039,0.725097,5.59697,-0.725097,2.5,0.690253,-2.5
0.300303,0.750758,5.60302,-0.750758,2.5,0.589559,-2.5
0.30787,0.769676,5.60692,-0.769676,2.5,0.515325,-2.5
0.316975,0.792438,5.6108,-0.792438,2.5,0.426005,-2.5
0.323239,0.808097,5.61308,-0.808097,2.5,0.364561,-2.5
0.333428,0.833571,5.61578,-0.833571,2.5,0.264601,-2.5
0.339515,0.848788,5.61702,-0.848788,2.5,0.204889,-2.5
0.350141,0.875353,5.61809,-0.875353,2.5,0.100648,-2.5
0.35641,0.891024,5.61834,-0.891024,2.5,0.0391536,-2.5
0.369143,0.922859,5.61725,-0.922859,2.5,-0.0857639,-2.5
0.372993,0.932481,5.61677,-0.932481,2.5,-0.123523,-2.5
0.383444,0.95861,5.61441,-0.95861,2.5,-0.226053,-2.5
0.390349,0.975873,5.61238,-0.975873,2.5,-0.293794,-2.5
0.400101,1.00025,5.60858,-1.00025,2.5,-0.389459,-2.5
0.406322,1.0158,5.60578,-1.01581,2.5,-0.450485,-2.5
0.416811,1.04203,5.59998,-1.04203,2.5,-0.553382,-2.5
0.423046,1.05761,5.59614,-1.05761,2.5,-0.614544,-2.5
0.43362,1.08405,5.58855,-1.08405,2.5,-0.718276,-2.5
0.440166,1.10041,5.58343,-1.10041,2.5,-0.782492,-2.5
0.450022,1.12505,5.57476,-1.12505,2.5,-0.879177,-2.5
0.456188,1.14047,5.56897,-1.14047,2.5,-0.939673,-2.5
0.466771,1.16693,5.55792,-1.16693,2.5,-1.04349,-2.5
0.472925,1.18231,5.55113,-1.18231,2.5,-1.10386,-2.5
0.483396,1.20849,5.5385,-1.20849,2.5,-1.20658,-2.5
0.489436,1.22359,5.53085,-1.22359,2.5,-1.26584,-2.5
0.500078,1.25019,5.51627,-1.25019,2.5,-1.37023,-2.5
0.50627,1.26567,5.50741,-1.26567,2.5,-1.43097,-2.5
0.516765,1.29191,5.49131,-1.29191,2.5,-1.53393,-2.5
0.523216,1.30804,5.48101,-1.30804,2.5,-1.59721,-2.5
0.533481,1.3337,5.46358,-1.3337,2.5,-1.69791,-2.5
0.539659,1.34915,5.45271,-1.34915,2.5,-1.75852,-2.5
0.550122,1.3753,5.43324,-1.3753,2.5,-1.86116,-2.5
0.556308,1.39077,5.42135,-1.39077,2.5,-1.92185,-2.5
0.56679,1.41697,5.40013,-1.41697,2.5,-2.02467,-2.5
0.573172,1.43293,5.38681,-1.43293,2.5,-2.08729,-2.5
0.583292,1.45823,5.36468,-1.45823,2.5,-2.18656,-2.5
0.589418,1.47354,5.35092,-1.47354,2.5,-2.24666,-2.5
0.600038,1.50009,5.32595,-1.50009,2.5,-2.35083,-2.5
0.606096,1.51524,5.31135,-1.51524,2.5,-2.41027,-2.5
0.617028,1.54257,5.28383,-1.54257,2.5,-2.51751,-2.5
0.625131,1.56283,5.26278,-1.56283,2.5,-2.59701,-2.5
0.633541,1.58385,5.24025,-1.58385,2.5,-2.6795,-2.5
0.63976,1.5994,5.22321,-1.5994,2.5,-2.74051,-2.5
0.649974,1.62493,5.19419,-1.62493,2.5,-2.84071,-2.5
0.65621,1.64052,5.1761,-1.64052,2.5,-2.90189,-2.5
0.666777,1.66694,5.14434,-1.66694,2.5,-3.00555,-2.5
0.672907,1.68227,5.12554,-1.68227,2.5,-3.06569,-2.5
0.683595,1.70899,5.09166,-1.70899,2.5,-3.17053,-2.5
0.689907,1.72477,5.07125,-1.72477,2.5,-3.23245,-2.5
0.700238,1.75059,5.03681,-1.75059,2.5,-3.3338,-2.5
0.707386,1.76846,5.01248,-1.76846,2.5,-3.40392,-2.5
0.71674,1.79185,4.97978,-1.79185,2.5,-3.49569,-2.5
0.722942,1.80736,4.95772,-1.80736,2.5,-3.55653,-2.5
0.733557,1.83389,4.91887,-1.83389,2.5,-3.66066,-2.5
0.739886,1.84972,4.8953,-1.84972,2.5,-3.72275,-2.5
0.750071,1.87518,4.85637,-1.87518,2.5,-3.82266,-2.5
0.756115,1.89029,4.83291,-1.89029,2.5,-3.88195,-2.5
0.766902,1.91725,4.78989,-1.91725,2.5,-3.98777,-2.5
0.771702,1.92925,4.77053,-1.92925,2.5,-4.03486,-2.5
0.784642,1.9616,4.71667,-1.9616,2.5,-4.1618,-2.5
0.790133,1.97533,4.69352,-1.97533,2.5,-4.21568,-2.5
0.800365,2.00091,4.64936,-2.00091,2.5,-4.31605,-2.5
0.805429,2.01357,4.62725,-2.01357,2.5,-4.36573,-2.5
0.817004,2.04251,4.57541,-2.04251,2.5,-4.47927,-2.5
0.822353,2.05588,4.55116,-2.05588,2.5,-4.53175,-2.5
0.8338,2.0845,4.49801,-2.0845,2.5,-4.64404,-2.5
0.838126,2.09531,4.47773,-2.09531,2.5,-4.68648,-2.5
0.850275,2.12569,4.41935,-2.12569,2.5,-4.80566,-2.5
0.853298,2.13325,4.40473,-2.13325,2.5,-4.83532,-2.5
0.86686,2.16715,4.33735,-2.16715,2.5,-4.96836,-2.5
0.869865,2.17466,4.32233,-2.17466,2.5,-4.99784,-2.5
0.883808,2.20952,4.25074,-2.20952,2.5,-5.13462,-2.5
0.888228,2.22057,4.22785,-2.22057,2.5,-5.17798,-2.5
0.900148,2.25037,4.16474,-2.25037,2.5,-5.29492,-2.5
0.904534,2.26133,4.14133,-2.26133,2.5,-5.33794,-2.5
0.916834,2.29209,4.07418,-2.29209,2.5,-5.45861,-2.5
0.921455,2.30364,4.04875,-2.30364,2.5,-5.50394,-2.5
0.9335,2.33375,3.98103,-2.33375,2.5,-5.6221,-2.5
0.937527,2.34382,3.95823,-2.34382,2.5,-5.66161,-2.5
0.950143,2.37536,3.88524,-2.37536,2.5,-5.78537,-2.5
0.954658,2.38664,3.85893,-2.38664,2.5,-5.82966,-2.5
0.966785,2.41696,3.78679,-2.41696,2.5,-5.94863,-2.5
0.970916,2.42729,3.76204,-2.42729,2.5,-5.98915,-2.5
0.98358,2.45895,3.68462,-2.45895,2.5,-6.11339,-2.5
0.988065,2.47016,3.65701,-2.47016,2.5,-6.15738,-2.5
1.00015,2.50038,3.58115,-2.50038,2.5,-6.27596,-2.5
1.00427,2.51067,3.55515,-2.51067,2.5,-6.31634,-2.5
1.0168,2.542,3.47446,-2.542,2.5,-6.43926,-2.5
1.02114,2.55284,3.44635,-2.55284,2.5,-6.48182,-2.5
1.03349,2.58371,3.36481,-2.58371,2.5,-6.60296,-2.5
1.03868,2.59669,3.33026,-2.59669,2.5,-6.65389,-2.5
1.05019,2.62548,3.25234,-2.62548,2.5,-6.76685,-2.5
1.05584,2.63959,3.21383,-2.63959,2.5,-6.82222,-2.5
1.06683,2.66708,3.13762,-2.66708,2.5,-6.93011,-2.5
1.07125,2.67813,3.10682,-2.67813,2.5,-6.97344,-2.5
1.08366,2.70915,3.01878,-2.70915,2.5,-7.09517,-2.5
1.08831,2.72078,2.98556,-2.72078,2.5,-7.1408,-2.5
1.10021,2.75053,2.8992,-2.75053,2.5,-7.25753,-2.5
1.10465,2.76164,2.86676,-2.76164,2.5,-7.30113,-2.5
1.11682,2.79205,2.77648,-2.79205,2.5,-7.42047,-2.5
1.12099,2.80247,2.74537,-2.80247,2.5,-7.46138,-2.5
1.13656,2.8414,2.62683,-2.8414,2.5,-7.61411,-2.5
1.13904,2.84761,2.60784,-2.84761,2.5,-7.63849,-2.5
1.15025,2.87563,2.521,-2.87563,2.5,-7.74844,-2.5
1.15455,2.88636,2.48755,-2.88636,2.5,-7.79056,-2.5
1.16686,2.91716,2.39009,-2.91716,2.5,-7.9114,-2.5
1.17143,2.92857,2.35377,-2.92857,2.5,-7.95619,-2.5
1.18361,2.95903,2.25538,-2.95903,2.5,-8.07571,-2.5
1.18829,2.97073,2.21737,-2.97073,2.5,-8.12162,-2.5
1.20247,3.00618,2.10023,-3.00618,2.5,-8.26073,-2.5
1.205,3.01251,2.07926,-3.01251,2.5,-8.28555,-2.5
1.21697,3.04242,1.97873,-3.04242,2.5,-8.40293,-2.5
1.22137,3.05342,1.94157,-3.05342,2.5,-8.44609,-2.5
1.23357,3.08392,1.83705,-3.08392,2.5,-8.56579,-2.5
1.23805,3.09512,1.7985,-3.09512,2.5,-8.60971,-2.5
1.25026,3.12564,1.69191,-3.12564,2.5,-8.72949,-2.5
1.25651,3.14128,1.63692,-3.14128,2.5,-8.79086,-2.5
1.26688,3.1672,1.54475,-3.1672,2.5,-8.89254,-2.5
1.27101,3.17751,1.50788,-3.17751,2.5,-8.93303,-2.5
1.28365,3.20913,1.39332,-3.20913,2.5,-9.05711,-2.5
1.2944,3.23599,1.29489,-3.23599,2.5,-9.1625,-2.5
1.30046,3.25114,1.239,-3.25114,2.5,-9.22195,-2.5
1.31029,3.27572,1.1474,-3.27572,2.5,-9.31838,-2.5
1.31744,3.29361,1.08022,-3.29361,2.5,-9.38858,-2.5
1.32696,3.31739,0.989998,-3.31739,2.5,-9.48192,-2.5
1.33437,3.33592,0.919202,-3.33592,2.5,-9.55461,-2.5
1.3438,3.35949,0.828235,-3.35949,2.5,-9.64711,-2.5
1.35011,3.37526,0.766985,-3.37526,2.5,-9.709,-2.5
1.36056,3.4014,0.664409,-3.4014,2.5,-9.81156,-2.5
1.36708,3.41771,0.599994,-3.41771,2.5,-9.87555,-2.5
1.3771,3.44275,0.500073,-3.44275,2.5,-9.97383,-2.5
1.38344,3.4586,0.5,-3.4586,2.375,7.02521,-2.375
1.39378,3.48315,0.571561,-3.48315,2.375,6.92382,-2.375
1.40096,3.5002,0.620773,-3.5002,2.375,6.85338,-2.375
1.41037,3.52255,0.684397,-3.52255,2.375,6.76106,-2.375
1.41667,3.53753,0.726646,-3.53753,2.375,6.6992,-2.375
1.42704,3.56214,0.795011,-3.56214,2.375,6.59754,-2.375
1.43454,3.57996,0.84396,-3.57996,2.375,6.52394,-2.375
1.44374,3.6018,0.903133,-3.6018,2.375,6.43371,-2.375
1.45024,3.61726,0.944593,-3.61726,2.375,6.36986,-2.375
1.46028,3.64109,1.00753,-3.64109,2.375,6.27142,-2.375
1.46769,3.65868,1.05343,-3.65868,2.375,6.19877,-2.375
1.4772,3.68129,1.11155,-3.68129,2.375,6.10539,-2.375
1.48381,3.69697,1.15143,-3.69697,2.375,6.04062,-2.375
1.49376,3.72062,1.2106,-3.72062,2.375,5.94295,-2.375
1.50047,3.73654,1.25001,-3.73654,2.375,5.87718,-2.375
1.51031,3.75991,1.30688,-3.75991,2.375,5.78066,-2.375
1.51788,3.7779,1.35012,-3.7779,2.375,5.70633,-2.375
1.52699,3.79954,1.40128,-3.79954,2.375,5.61697,-2.375
1.53427,3.81681,1.44161,-3.81681,2.375,5.54562,-2.375
1.54368,3.83917,1.49296,-3.83917,2.375,5.45325,-2.375
1.55079,3.85605,1.53122,-3.85605,2.375,5.38353,-2.375
1.56023,3.87847,1.58117,-3.87847,2.375,5.29093,-2.375
1.56717,3.89496,1.61744,-3.89496,2.375,5.2228,-2.375
1.57917,3.92345,1.67867,-3.92345,2.375,5.10514,-2.375
1.58373,3.93428,1.70174,-3.93428,2.375,5.06042,-2.375
1.59365,3.95785,1.75101,-3.95785,2.375,4.96304,-2.375
1.60066,3.97451,1.78533,-3.97451,2.375,4.89424,-2.375
1.61036,3.99754,1.83187,-3.99754,2.375,4.79911,-2.375
1.61753,4.01455,1.86574,-4.01455,2.375,4.72883,-2.375
1.62708,4.03724,1.91003,-4.03725,2.375,4.6351,-2.375
1.63454,4.05496,1.94406,-4.05496,2.375,4.56193,-2.375
1.64385,4.07707,1.98568,-4.07708,2.375,4.47059,-2.375
1.65131,4.09479,2.01848,-4.09479,2.375,4.39742,-2.375
1.66033,4.11621,2.05735,-4.11621,2.375,4.30894,-2.375
1.66775,4.13384,2.08879,-4.13384,2.375,4.23612,-2.375
1.67725,4.1564,2.12814,-4.1564,2.375,4.14294,-2.375
1.68372,4.17177,2.15455,-4.17178,2.375,4.07942,-2.375
1.69359,4.1952,2.19384,-4.19521,2.375,3.98265,-2.375
1.70048,4.21156,2.22081,-4.21156,2.375,3.91508,-2.375
1.71046,4.23528,2.25893,-4.23528,2.375,3.81711,-2.375
1.71675,4.25022,2.28255,-4.25022,2.375,3.7554,-2.375
1.72688,4.27427,2.31957,-4.27427,2.375,3.65608,-2.375
1.73542,4.29455,2.35008,-4.29455,2.375,3.5723,-2.375
1.74363,4.31405,2.37875,-4.31406,2.375,3.49174,-2.375
1.75073,4.33091,2.40303,-4.33091,2.375,3.42213,-2.375
1.76038,4.35382,2.43514,-4.35382,2.375,3.32747,-2.375
1.7678,4.37146,2.45931,-4.37146,2.375,3.25462,-2.375
1.77707,4.39347,2.48864,-4.39348,2.375,3.16369,-2.375
1.78334,4.40837,2.50809,-4.40837,2.375,3.10216,-2.375
1.79376,4.4331,2.53933,-4.4331,2.375,3.00002,-2.375
1.80228,4.45333,2.56417,-4.45333,2.375,2.91644,-2.375
1.81031,4.47242,2.58698,-4.47242,2.375,2.83759,-2.375
1.81743,4.48932,2.60668,-4.48932,2.375,2.76779,-2.375
1.82917,4.5172,2.63782,-4.5172,2.375,2.65262,-2.375
1.83439,4.52961,2.65141,-4.52962,2.375,2.60136,-2.375
1.84372,4.55175,2.67481,-4.55175,2.375,2.50991,-2.375
1.84996,4.56658,2.69009,-4.56658,2.375,2.44867,-2.375
1.86056,4.59176,2.71496,-4.59176,2.375,2.34465,-2.375
1.8684,4.61037,2.73272,-4.61037,2.375,2.26781,-2.375
1.87688,4.63052,2.75126,-4.63053,2.375,2.18455,-2.375
1.88384,4.64704,2.76598,-4.64705,2.375,2.11631,-2.375
1.89361,4.67026,2.78573,-4.67026,2.375,2.02042,-2.375
1.90067,4.68701,2.79949,-4.68701,2.375,1.95124,-2.375
1.91035,4.71001,2.81747,-4.71001,2.375,1.85622,-2.375
1.92228,4.73833,2.83821,-4.73833,2.375,1.73925,-2.375
1.92686,4.74923,2.84598,-4.74923,2.375,1.69424,-2.375
1.93374,4.76556,2.85717,-4.76556,2.375,1.62677,-2.375
1.94681,4.7966,2.87675,-4.7966,2.375,1.49856,-2.375
1.96038,4.82882,2.89528,-4.82882,2.375,1.36547,-2.375
1.9664,4.84314,2.90316,-4.84314,2.375,1.30634,-2.375
1.97689,4.86804,2.91577,-4.86804,2.375,1.20349,-2.375
1.9805,4.87662,2.91999,-4.87662,2.375,1.16806,-2.375
1.99353,4.90755,2.93354,-4.90755,2.375,1.04028,-2.375
1.99685,4.91544,2.93689,-4.91545,2.375,1.00768,-2.375
2.01024,4.94725,2.94863,-4.94725,2.375,0.876294,-2.375
2.01387,4.95587,2.95168,-4.95588,2.375,0.840673,-2.375
2.02694,4.98692,2.96099,-4.98692,2.375,0.712451,-2.375
2.03101,4.99659,2.96373,-4.99659,2.375,0.672517,-2.375
2.04361,5.02649,2.97064,-5.0265,2.375,0.548977,-2.375
2.0478,5.03646,2.97277,-5.03646,2.375,0.507826,-2.375
2.06038,5.06632,2.97761,-5.06632,2.375,0.384473,-2.375
2.06464,5.07646,2.97907,-5.07646,2.375,0.342607,-2.375
2.07693,5.10564,2.9818,-5.10564,2.375,0.22208,-2.375
2.08223,5.11822,2.9827,-5.11823,2.375,0.170091,-2.375
2.09353,5.14506,2.98337,-5.14506,2.375,0.0592559,-2.375
2.09891,5.15785,2.9834,-5.15785,2.375,0.00641105,-2.375
2.11023,5.18472,2.98222,-5.18472,2.375,-0.104578,-2.375
2.11497,5.19599,2.9815,-5.19599,2.375,-0.151118,-2.375
2.12683,5.22415,2.97833,-5.22415,2.375,-0.267444,-2.375
2.13116,5.23442,2.97699,-5.23443,2.375,-0.309877,-2.375
2.148,5.27442,2.96899,-5.27443,2.375,-0.475096,-2.375
2.15094,5.28141,2.96751,-5.28141,2.375,-0.503948,-2.375
2.16021,5.30342,2.96199,-5.30343,2.375,-0.594884,-2.375
2.16691,5.31933,2.95757,-5.31933,2.375,-0.660593,-2.375
2.17692,5.34311,2.94997,-5.34311,2.375,-0.758802,-2.375
2.18248,5.35631,2.94545,-5.35631,2.375,-0.813336,-2.375
2.19368,5.38291,2.93511,-5.38291,2.375,-0.923207,-2.375
2.20165,5.40185,2.92712,-5.40186,2.375,-1.00146,-2.375
2.21023,5.42221,2.91782,-5.42222,2.375,-1.08555,-2.375
2.21581,5.43548,2.91145,-5.43548,2.375,-1.14033,-2.375
2.2269,5.46182,2.89759,-5.46183,2.375,-1.24916,-2.375
2.23271,5.47561,2.89001,-5.47561,2.375,-1.30609,-2.375
2.24366,5.50162,2.87453,-5.50163,2.375,-1.41355,-2.375
2.24971,5.51598,2.86562,-5.51599,2.375,-1.47287,-2.375
2.26023,5.54097,2.84904,-5.54097,2.375,-1.57607,-2.375
2.26632,5.55545,2.83907,-5.55545,2.375,-1.63588,-2.375
2.27705,5.58093,2.82039,-5.58093,2.375,-1.74113,-2.375
2.28297,5.59497,2.80975,-5.59497,2.375,-1.79913,-2.375
2.29466,5.62275,2.78737,-5.62275,2.375,-1.91386,-2.375
2.29938,5.63395,2.77812,-5.63396,2.375,-1.96015,-2.375
2.31051,5.66039,2.75508,-5.6604,2.375,-2.06936,-2.375
2.31657,5.67477,2.74219,-5.67478,2.375,-2.12875,-2.375
2.32695,5.69944,2.71903,-5.69944,2.375,-2.23064,-2.375
2.3396,5.72947,2.68925,-5.72947,2.375,-2.35467,-2.375
2.34367,5.73915,2.67949,-5.73916,2.375,-2.39468,-2.375
2.34962,5.75328,2.66489,-5.75329,2.375,-2.45304,-2.375
2.36025,5.77852,2.63772,-5.77853,2.375,-2.55729,-2.375
2.36585,5.79181,2.6231,-5.79182,2.375,-2.61219,-2.375
2.37702,5.81834,2.59269,-5.81835,2.375,-2.72178,-2.375
2.383,5.83255,2.57606,-5.83255,2.375,-2.78045,-2.375
2.39364,5.85781,2.54537,-5.85782,2.375,-2.88481,-2.375
2.39939,5.87147,2.52846,-5.87148,2.375,-2.94123,-2.375
2.41194,5.90129,2.48998,-5.9013,2.375,-3.06441,-2.375
2.41638,5.91182,2.47621,-5.91182,2.375,-3.10788,-2.375
2.42693,5.93689,2.4423,-5.9369,2.375,-3.21145,-2.375
2.43302,5.95135,2.42238,-5.95136,2.375,-3.27119,-2.375
2.44379,5.97693,2.38602,-5.97694,2.375,-3.37683,-2.375
2.45011,5.99194,2.36428,-5.99195,2.375,-3.43885,-2.375
2.46021,6.01592,2.32857,-6.01593,2.375,-3.53788,-2.375
2.47089,6.04129,2.28966,-6.04129,2.375,-3.64266,-2.375
2.47719,6.05625,2.26633,-6.05625,2.375,-3.70444,-2.375
2.48307,6.07023,2.24418,-6.07023,2.375,-3.76219,-2.375
2.49369,6.09544,2.20314,-6.09544,2.375,-3.86633,-2.375
2.49985,6.11007,2.17895,-6.11007,2.375,-3.92676,-2.375
2.51036,6.13503,2.13659,-6.13504,2.375,-4.02987,-2.375
2.51877,6.155,2.10202,-6.155,2.375,-4.11233,-2.375
2.52691,6.17432,2.0679,-6.17433,2.375,-4.19217,-2.375
2.53292,6.18862,2.04232,-6.18862,2.375,-4.25121,-2.375
2.54369,6.21419,1.99541,-6.2142,2.375,-4.35684,-2.375
2.54952,6.22803,1.96969,-6.22803,2.375,-4.414,-2.375
2.56046,6.25402,1.92022,-6.25402,2.375,-4.52134,-2.375
2.5669,6.26931,1.8907,-6.26931,2.375,-4.58451,-2.375
2.57706,6.29345,1.84307,-6.29346,2.375,-4.68424,-2.375
2.58358,6.30892,1.81215,-6.30893,2.375,-4.74813,-2.375
2.59374,6.33306,1.76288,-6.33307,2.375,-4.84784,-2.375
2.60007,6.3481,1.73179,-6.34811,2.375,-4.90996,-2.375
2.60688,6.36427,1.69789,-6.36428,2.375,-4.97677,-2.375
2.61677,6.38776,1.64772,-6.38777,2.375,-5.07378,-2.375
2.62477,6.40675,1.60652,-6.40676,2.375,-5.15222,-2.375
2.63351,6.42751,1.56075,-6.42751,2.375,-5.23795,-2.375
2.63943,6.44156,1.52941,-6.44157,2.375,-5.296,-2.375
2.65001,6.4667,1.47226,-6.4667,2.375,-5.39983,-2.375
2.65621,6.48142,1.43841,-6.48143,2.375,-5.46064,-2.375
2.66679,6.50655,1.37952,-6.50656,2.375,-5.56445,-2.375
2.67292,6.52112,1.34502,-6.52113,2.375,-5.62463,-2.375
2.68336,6.54591,1.28524,-6.54592,2.375,-5.72703,-2.375
2.6919,6.56619,1.23564,-6.56619,2.375,-5.81077,-2.375
2.70056,6.58677,1.18455,-6.58677,2.375,-5.89577,-2.375
2.70684,6.60166,1.14718,-6.60167,2.375,-5.9573,-2.375
2.71671,6.6251,1.08743,-6.62511,2.375,-6.05412,-2.375
2.72281,6.6396,1.0501,-6.63961,2.375,-6.11402,-2.375
2.73339,6.66473,0.984312,-6.66474,2.375,-6.21782,-2.375
2.7397,6.67972,0.944696,-6.67972,2.375,-6.27971,-2.375
2.75002,6.70422,0.878847,-6.70423,2.375,-6.38094,-2.375
2.75632,6.71919,0.838245,-6.7192,2.375,-6.44276,-2.375
2.76678,6.74403,0.769788,-6.74404,2.375,-6.54537,-2.375
2.77323,6.75935,0.727177,-6.75935,2.375,-6.60862,-2.375
2.78347,6.78366,0.658478,-6.78367,2.375,-6.70907,-2.375
2.78982,6.79875,0.61547,-6.79876,2.375,-6.77138,-2.375
2.80007,6.82309,0.545052,-6.82309,2.375,-6.8719,-2.375
2.80628,6.83785,0.501964,-6.83785,2.375,-6.93287,-2.375
2.81682,6.86287,0.5,-6.86287,2.25625,4.92536,-2.25625
2.82319,6.87725,0.530993,-6.87725,2.25625,4.86283,-2.25625
2.83353,6.90058,0.580224,-6.90058,2.25625,4.7614,-2.25625
2.84003,6.91524,0.61076,-6.91525,2.25625,4.69763,-2.25625
2.85018,6.93814,0.657413,-6.93814,2.25625,4.5981,-2.25625
2.85663,6.95268,0.686653,-6.95269,2.25625,4.53485,-2.25625
2.86677,6.97557,0.731642,-6.97558,2.25625,4.43534,-2.25625
2.87269,6.98892,0.757541,-6.98893,2.25625,4.3773,-2.25625
2.88651,7.02012,0.816195,-7.02013,2.25625,4.24164,-2.25625
2.89467,7.03853,0.850152,-7.03854,2.25625,4.1616,-2.25625
2.89999,7.05053,0.872017,-7.05054,2.25625,4.1094,-2.25625
2.90556,7.06309,0.89458,-7.0631,2.25625,4.05481,-2.25625
2.9168,7.08846,0.938932,-7.08846,2.25625,3.94451,-2.25625
2.92285,7.10211,0.962437,-7.10211,2.25625,3.88516,-2.25625
2.93337,7.12585,1.00223,-7.12585,2.25625,3.78195,-2.25625
2.93949,7.13964,1.02498,-7.13964,2.25625,3.72198,-2.25625
2.95016,7.16373,1.0636,-7.16374,2.25625,3.61724,-2.25625
2.95744,7.18014,1.08939,-7.18015,2.25625,3.54588,-2.25625
2.96665,7.20092,1.12122,-7.20093,2.25625,3.45552,-2.25625
2.97234,7.21377,1.14059,-7.21378,2.25625,3.39964,-2.25625
2.98347,7.23886,1.17718,-7.23887,2.25625,3.29055,-2.25625
2.98963,7.25277,1.19709,-7.25278,2.25625,3.23008,-2.25625
3.00002,7.27621,1.22959,-7.27622,2.25625,3.12817,-2.25625
3.00596,7.28963,1.24784,-7.28963,2.25625,3.06984,-2.25625
3.01664,7.31373,1.27951,-7.31373,2.25625,2.96506,-2.25625
3.02323,7.32858,1.2986,-7.32858,2.25625,2.90049,-2.25625
3.03345,7.35164,1.32723,-7.35165,2.25625,2.80021,-2.25625
3.03943,7.36513,1.34362,-7.36514,2.25625,2.74156,-2.25625
3.05002,7.38904,1.37157,-7.38905,2.25625,2.6376,-2.25625
3.05605,7.40263,1.3871,-7.40264,2.25625,2.57851,-2.25625
3.06661,7.42647,1.41325,-7.42647,2.25625,2.47487,-2.25625
3.07507,7.44554,1.43347,-7.44555,2.25625,2.39193,-2.25625
3.08338,7.46429,1.45267,-7.4643,2.25625,2.3104,-2.25625
3.08929,7.47763,1.46598,-7.47764,2.25625,2.25241,-2.25625
3.10006,7.50193,1.4891,-7.50194,2.25625,2.14676,-2.25625
3.10583,7.51495,1.50117,-7.51496,2.25625,2.09014,-2.25625
3.11678,7.53965,1.52287,-7.53965,2.25625,1.98277,-2.25625
3.12318,7.55409,1.53516,-7.5541,2.25625,1.91997,-2.25625
3.13515,7.58109,1.55673,-7.5811,2.25625,1.80257,-2.25625
3.14013,7.59234,1.56547,-7.59234,2.25625,1.75368,-2.25625
3.15012,7.61487,1.58201,-7.61487,2.25625,1.65571,-2.25625
3.15944,7.6359,1.59659,-7.6359,2.25625,1.56427,-2.25625
3.16671,7.65232,1.60745,-7.65232,2.25625,1.49288,-2.25625
3.1724,7.66515,1.61563,-7.66516,2.25625,1.43708,-2.25625
3.18337,7.6899,1.63021,-7.6899,2.25625,1.32949,-2.25625
3.18955,7.70385,1.63805,-7.70385,2.25625,1.26884,-2.25625
3.20007,7.72758,1.65031,-7.72759,2.25625,1.16564,-2.25625
3.20621,7.74143,1.6571,-7.74144,2.25625,1.10541,-2.25625
3.21663,7.76494,1.66755,-7.76494,2.25625,1.00322,-2.25625
3.22477,7.7833,1.67507,-7.78331,2.25625,0.923362,-2.25625
3.23536,7.8072,1.68375,-7.8072,2.25625,0.819478,-2.25625
3.24008,7.81786,1.6874,-7.81787,2.25625,0.773121,-2.25625
3.25,7.84023,1.6941,-7.84023,2.25625,0.675861,-2.25625
3.25615,7.85411,1.69789,-7.85411,2.25625,0.615518,-2.25625
3.26668,7.87786,1.70328,-7.87787,2.25625,0.512233,-2.25625
3.2775,7.90228,1.70767,-7.90229,2.25625,0.406057,-2.25625
3.28326,7.91528,1.70969,-7.91529,2.25625,0.34953,-2.25625
3.28903,7.92829,1.71138,-7.9283,2.25625,0.292976,-2.25625
3.30221,7.95803,1.71353,-7.95804,2.25625,0.163654,-2.25625
3.30578,7.96609,1.71399,-7.96609,2.25625,0.128637,-2.25625
3.31667,7.99065,1.71423,-7.99065,2.25625,0.0218525,-2.25625
3.32253,8.00387,1.71402,-8.00387,2.25625,-0.035628,-2.25625
3.33332,8.02823,1.71249,-8.02824,2.25625,-0.14157,-2.25625
3.34257,8.0491,1.71035,-8.04911,2.25625,-0.2323,-2.25625
3.34986,8.06554,1.70813,-8.06555,2.25625,-0.303786,-2.25625
3.35689,8.0814,1.70551,-8.08141,2.25625,-0.372755,-2.25625
3.36665,8.10342,1.70094,-8.10343,2.25625,-0.468481,-2.25625
3.37269,8.11705,1.69775,-8.11705,2.25625,-0.52773,-2.25625
3.38361,8.1417,1.69082,-8.14171,2.25625,-0.634916,-2.25625
3.38988,8.15584,1.68645,-8.15584,2.25625,-0.696382,-2.25625
3.40007,8.17883,1.67834,-8.17884,2.25625,-0.796346,-2.25625
3.40646,8.19324,1.67285,-8.19324,2.25625,-0.858981,-2.25625
3.4167,8.21634,1.66303,-8.21635,2.25625,-0.959441,-2.25625
3.42299,8.23054,1.6566,-8.23055,2.25625,-1.02118,-2.25625
3.43343,8.25409,1.64487,-8.2541,2.25625,-1.12358,-2.25625
3.43967,8.26818,1.63748,-8.26818,2.25625,-1.18482,-2.25625
3.45026,8.29208,1.62382,-8.29209,2.25625,-1.28875,-2.25625
3.45686,8.30695,1.6149,-8.30696,2.25625,-1.35342,-2.25625
3.47217,8.34151,1.59187,-8.34152,2.25625,-1.50366,-2.25625
3.47408,8.34582,1.58896,-8.34583,2.25625,-1.52241,-2.25625
3.4835,8.36707,1.57376,-8.36707,2.25625,-1.61479,-2.25625
3.49105,8.3841,1.56101,-8.3841,2.25625,-1.68883,-2.25625
3.50004,8.40438,1.54504,-8.40438,2.25625,-1.777,-2.25625
3.5086,8.42369,1.52911,-8.4237,2.25625,-1.86099,-2.25625
3.51674,8.44208,1.51329,-8.44208,2.25625,-1.94092,-2.25625
3.52438,8.4593,1.4979,-8.45931,2.25625,-2.01583,-2.25625
3.5336,8.48012,1.47847,-8.48012,2.25625,-2.10632,-2.25625
3.54143,8.49776,1.4614,-8.49777,2.25625,-2.18304,-2.25625
3.55012,8.51738,1.44168,-8.51738,2.25625,-2.26832,-2.25625
3.55835,8.53596,1.42233,-8.53596,2.25625,-2.3491,-2.25625
3.56706,8.5556,1.40114,-8.5556,2.25625,-2.4345,-2.25625
3.57478,8.57303,1.38175,-8.57304,2.25625,-2.51029,-2.25625
3.58356,8.59283,1.35896,-8.59284,2.25625,-2.59639,-2.25625
3.59123,8.61014,1.33846,-8.61015,2.25625,-2.67167,-2.25625
3.60024,8.63046,1.3136,-8.63047,2.25625,-2.76001,-2.25625
3.60794,8.64784,1.29176,-8.64785,2.25625,-2.83557,-2.25625
3.61693,8.66813,1.26548,-8.66813,2.25625,-2.92377,-2.25625
3.62461,8.68544,1.24246,-8.68545,2.25625,-2.99904,-2.25625
3.63348,8.70547,1.21506,-8.70548,2.25625,-3.08614,-2.25625
3.64111,8.72267,1.19096,-8.72268,2.25625,-3.16093,-2.25625
3.65229,8.74791,1.15439,-8.74791,2.25625,-3.27064,-2.25625
3.65778,8.7603,1.13613,-8.7603,2.25625,-3.32451,-2.25625
3.66681,8.78067,1.10531,-8.78067,2.25625,-3.41309,-2.25625
3.67436,8.79769,1.07901,-8.79769,2.25625,-3.48709,-2.25625
3.68324,8.81773,1.04726,-8.81774,2.25625,-3.57424,-2.25625
3.69089,8.83499,1.01934,-8.835,2.25625,-3.64927,-2.25625
3.69989,8.85531,0.985684,-8.85531,2.25625,-3.73762,-2.25625
3.70755,8.87258,0.956501,-8.87258,2.25625,-3.8127,-2.25625
3.71691,8.8937,0.919946,-8.89371,2.25625,-3.90455,-2.25625
3.72416,8.91006,0.891119,-8.91007,2.25625,-3.97568,-2.25625
3.73352,8.93118,0.85305,-8.93118,2.25625,-4.06749,-2.25625
3.74103,8.94813,0.821937,-8.94814,2.25625,-4.1412,-2.25625
3.7502,8.96881,0.78316,-8.96881,2.25625,-4.2311,-2.25625
3.76025,8.99148,0.739652,-8.99149,2.25625,-4.32968,-2.25625
3.76644,9.00544,0.712482,-9.00545,2.25625,-4.39039,-2.25625
3.77392,9.02234,0.679051,-9.02235,2.25625,-4.46386,-2.25625
3.78317,9.04319,0.636958,-9.0432,2.25625,-4.55452,-2.25625
3.79069,9.06018,0.602119,-9.06018,2.25625,-4.62837,-2.25625
3.80018,9.08157,0.557353,-9.08158,2.25625,-4.72138,-2.25625
3.80746,9.098,0.522451,-9.09801,2.25625,-4.79282,-2.25625
3.81674,9.11893,0.5,-9.11894,2.14344,3.41869,-2.14344
3.82412,9.13476,0.524713,-9.13477,2.14344,3.34624,-2.14344
3.83346,9.15478,0.555109,-9.15479,2.14344,3.25462,-2.14344
3.84041,9.16969,0.577262,-9.16969,2.14344,3.18642,-2.14344
3.85,9.19024,0.606918,-9.19025,2.14344,3.09234,-2.14344
3.85941,9.21041,0.635142,-9.21041,2.14344,3.00005,-2.14344
3.86668,9.22599,0.656431,-9.22599,2.14344,2.92874,-2.14344
3.87481,9.24342,0.679606,-9.24343,2.14344,2.84893,-2.14344
3.88357,9.2622,0.703809,-9.26221,2.14344,2.763,-2.14344
3.89061,9.27729,0.722772,-9.27729,2.14344,2.69395,-2.14344
3.90022,9.29788,0.747746,-9.29788,2.14344,2.59971,-2.14344
3.91001,9.31886,0.772258,-9.31887,2.14344,2.50367,-2.14344
3.91658,9.33296,0.788294,-9.33296,2.14344,2.43917,-2.14344
3.92499,9.35097,0.808102,-9.35098,2.14344,2.35672,-2.14344
3.93327,9.36871,0.826934,-9.36872,2.14344,2.27553,-2.14344
3.94145,9.38624,0.844893,-9.38625,2.14344,2.19528,-2.14344
3.95005,9.40468,0.863045,-9.40468,2.14344,2.11092,-2.14344
3.9583,9.42237,0.879801,-9.42237,2.14344,2.02995,-2.14344
3.96686,9.44071,0.896453,-9.44072,2.14344,1.946,-2.14344
3.97401,9.45604,0.909867,-9.45604,2.14344,1.87586,-2.14344
3.98338,9.47613,0.926593,-9.47614,2.14344,1.78387,-2.14344
3.99061,9.49161,0.938964,-9.49162,2.14344,1.71303,-2.14344
4.00008,9.51192,0.954316,-9.51193,2.14344,1.62007,-2.14344
4.00751,9.52784,0.965808,-9.52785,2.14344,1.5472,-2.14344
4.01703,9.54824,0.979645,-9.54825,2.14344,1.45384,-2.14344
4.02399,9.56317,0.989293,-9.56318,2.14344,1.38552,-2.14344
4.03323,9.58297,1.00126,-9.58298,2.14344,1.29489,-2.14344
4.04092,9.59946,1.01064,-9.59947,2.14344,1.21944,-2.14344
4.05013,9.61919,1.02103,-9.6192,2.14344,1.12911,-2.14344
4.05753,9.63506,1.02885,-9.63506,2.14344,1.05652,-2.14344
4.06679,9.65492,1.0378,-9.65493,2.14344,0.965617,-2.14344
4.07406,9.67049,1.0443,-9.6705,2.14344,0.894346,-2.14344
4.08347,9.69065,1.05184,-9.69066,2.14344,0.802073,-2.14344
4.09633,9.71823,1.06053,-9.71823,2.14344,0.675876,-2.14344
4.10082,9.72786,1.06337,-9.72787,2.14344,0.631792,-2.14344
4.10761,9.74241,1.06721,-9.74241,2.14344,0.565209,-2.14344
4.11657,9.7616,1.07148,-9.76161,2.14344,0.47736,-2.14344
4.12435,9.77828,1.0746,-9.77829,2.14344,0.401019,-2.14344
